User Name,First Name,Last Name,Email,Contact Number
sarahfreeman,Kevin,Anderson,susancrosby@example.org,+1-441-793-6529x1780
pjones,Christopher,Garza,benjamin13@example.org,+1-417-332-0380x29942
morgankaren,Michael,Ryan,brandonwarner@example.org,526-553-5111
jacqueline15,Patrick,Moore,vbell@example.net,6784563423
justin46,Wayne,Roth,stonebonnie@example.org,917-694-8132
rbass,John,Hart,davidblake@example.org,(642)736-9588x92284
michele42,Michael,Rivera,edwin13@example.org,214.303.7898x82227
torrescandice,Tara,Vasquez,kalvarado@example.org,3847666890
chad72,William,Dunn,bporter@example.net,001-650-457-5856x0967
kristin81,Christina,Alexander,trobbins@example.com,001-479-814-6710
bradleymcclain,Joshua,Johnson,bakerbrian@example.org,982-686-1562
zmurphy,Jerry,Randolph,danmcneil@example.org,816.515.6487
danielrodriguez,Diana,Smith,chapmanrebekah@example.net,8032515556
howard13,Jeffery,Hall,mary29@example.com,(439)245-8579
michael12,Dylan,Gould,ocampbell@example.com,+1-288-779-1183x4367
lwells,Shelly,Johnson,zross@example.com,(489)218-8845
lcarr,Bridget,Barnes,diane13@example.org,993-695-8784
joshua16,Jonathan,Kline,wchavez@example.net,742.683.4324x989
camachoashley,Andrew,Peterson,lflores@example.net,8244188756
hryan,Dale,Hernandez,anne14@example.com,828.589.8809
heatherjones,Tyler,Ramirez,craigwilliams@example.net,796.471.0153x874
xthomas,Jason,Lopez,sallycalderon@example.com,(816)636-4545
thomas68,Kelly,Torres,ydyer@example.net,(712)869-3099x87824
yabbott,Wanda,Houston,jamescummings@example.com,(383)380-8015x273
valeriemckenzie,Christine,Watson,andrew85@example.com,390.444.1320x9737
troy37,Jennifer,Richardson,watsontimothy@example.org,001-468-750-6118x17701
roblescynthia,Nancy,Williams,beltrankristy@example.net,473-476-0517x174
joseph05,Tiffany,Carr,zmartinez@example.com,443-991-1952
gail14,Richard,Wilcox,stephanie63@example.com,(409)200-2087x512
matthewvalenzuela,Julie,Wright,danielle65@example.com,001-835-338-9518
svaldez,Kristin,Murray,thomas20@example.org,+1-921-710-1866
rford,Jared,Smith,hleonard@example.org,(558)266-1117x3012
zburns,Cheyenne,Bryant,larry00@example.net,001-259-930-0284x2799
tanneralvarez,Latoya,Carter,jennifer06@example.net,(641)677-2692
ashleyortiz,Danielle,Jennings,michael84@example.com,001-768-477-8472x145
robertgonzalez,Joseph,Mcfarland,brownarthur@example.net,+1-906-841-0154
lopezrachel,Don,Bailey,ostuart@example.org,344-936-3123x24204
lisa37,Katie,Hayes,dawsonmaurice@example.com,+1-771-537-6235x02297
davidwilson,Nathan,Harris,luke90@example.com,668-620-1085
mroberson,Tracy,Smith,erika86@example.org,207.934.2749x711
robertscott,Roger,Brown,lescobar@example.com,8317194989
hernandezsteven,Maria,Wolfe,amber40@example.net,501-764-6557x378
qmoore,Colton,Garcia,dennis10@example.net,+1-447-592-7468x257
watsonandrea,Anthony,Diaz,michael61@example.net,(299)403-8318x1039
wball,Felicia,Vaughan,frussell@example.com,(402)722-9444x5578
carlgonzalez,Greg,Blackwell,qwatkins@example.com,8446022946
melissathompson,Jesse,Higgins,timothydavenport@example.net,328-641-7632x518
cgreen,Michael,Jones,jamesjohnny@example.net,501.410.8570x377
maddoxjeffrey,Eduardo,Cochran,timothy65@example.net,522-902-6970x23718
david71,Brian,Schmitt,shawn30@example.com,001-811-702-7010x8579
joseph76,Adam,Miller,stephanie44@example.org,(706)326-8197
jennifer32,Marissa,Ramirez,dominiquelarsen@example.org,001-772-653-1246x9459
vroberts,Dennis,Mills,ysoto@example.com,+1-819-214-6986
parkearl,Adam,Fleming,wfuentes@example.com,880-269-8804x53937
anthonycochran,Claire,Flores,kylearias@example.net,(262)238-2540
amyhorton,Tiffany,Terrell,fbrown@example.org,001-532-630-6681x523
brooke34,Charles,Pierce,rushmarissa@example.net,229-907-7075x65408
schneidermelanie,Michael,Franklin,jessekelley@example.org,001-732-962-2683x66536
oflores,Karl,Gomez,gonzalesryan@example.org,(792)511-1522x58613
chuff,Mark,Newton,amber78@example.com,001-561-626-3346x43219
qwilliams,Laura,Stewart,elizabethcox@example.com,(477)617-1251x668
rebecca43,Michael,Tucker,carmenmoody@example.org,001-296-456-8236x4215
crystalschneider,Samantha,Andrews,wardmichael@example.org,501.630.0748x278
padillatasha,Shannon,Brown,steven93@example.org,(326)930-4738x04424
kimberly72,Phillip,Oneal,yflynn@example.net,224-641-1489x8693
boconnell,Emily,Fischer,williamsmark@example.org,+1-925-372-9197x7404
garybowman,Christopher,Johnson,levi03@example.net,8227797948
hmoore,Carrie,Martinez,sklein@example.net,+1-459-854-8011
jsmith,Levi,Reed,oyork@example.com,(845)990-2484x1637
amy52,James,Martin,ryan09@example.com,+1-618-279-7082x482
ethanwilliamson,Cassandra,Garza,wilkinssteven@example.net,737-267-9223
williammartin,Caleb,Schmidt,leonardjohn@example.net,664-697-2232x4812
margaretayala,Adrian,Pittman,vincentalyssa@example.org,001-435-495-3039x8767
nicole46,Gina,Wells,mcneilchristina@example.com,001-714-458-9574
ronald25,Zachary,Rogers,hroberts@example.com,7895317298
lellison,Benjamin,Melton,lauren55@example.com,2703645211
pwoodard,Derek,Chen,hilladam@example.org,975.946.0715
deanna07,Lori,Thomas,inavarro@example.com,001-735-602-1521x26432
dominguezjose,Angela,Berger,ashleycox@example.net,+1-882-702-8379x3895
daviswilliam,Peter,Todd,lnelson@example.org,306.963.2071x77296
smithkimberly,Sheila,Lutz,hcervantes@example.org,885-497-9367x173
michellejones,Angela,Miller,ugarcia@example.com,978.513.9995x6763
smithkurt,Susan,Terry,dianehughes@example.net,001-659-528-7899x55811
emilygreen,Justin,Weiss,jeremyclay@example.com,716.378.6113
gmejia,Joshua,Lewis,laurie14@example.org,(954)551-9478x0251
fredjohnson,Tonya,Wells,gutierrezmichael@example.net,(764)818-9127
gary87,Colleen,Meza,andrew71@example.com,940.984.8586x011
susan08,Ernest,Moore,qpowers@example.com,593-408-3363x5033
kellycox,Derrick,Robinson,johnny73@example.com,828-205-0648
winterslawrence,Angela,Casey,whitejohn@example.org,766-226-3065x2906
clarkjeffery,Joseph,Allen,donna59@example.com,001-623-302-2963x25910
tlawrence,Elizabeth,Davis,rmoore@example.net,(846)811-2269
nathangardner,Jessica,Smith,juan27@example.org,2409531588
barberjennifer,Angela,Crawford,traci99@example.net,(438)545-8433
lreeves,Jason,Marks,zachary72@example.net,667.300.8599
simmonsrebecca,Ray,Peterson,jessejohnson@example.com,821.431.3879
scottbryan,Melissa,Avila,tcole@example.org,+1-437-287-9183
nathanielblake,Rebecca,Hayes,johnmiller@example.com,(920)378-8004x83502
nelsonnatalie,Jessica,Wood,jonathanmartinez@example.org,+1-619-798-7076
amy35,Steven,Bell,daniel22@example.com,517.461.3543
annkeith,Stephen,James,careyjoshua@example.com,001-538-455-6716x544
shannon68,Mary,Cooper,amber16@example.com,448.267.8252
karen96,Sarah,Cardenas,npruitt@example.com,001-720-759-9774x22045
sean22,Angela,Mills,riddlesarah@example.com,+1-706-590-3596x3204
pjones,Julie,Fischer,phillipsrobert@example.net,+1-747-699-0556
qjohnson,Christina,Mcguire,ellissean@example.net,984-571-9629
havila,Christian,Baker,virginia15@example.com,(588)523-5483x69469
jonesbrandon,Daniel,Gonzales,ryan89@example.org,001-517-910-7613x43871
sarahjordan,Amy,Rodgers,sandragonzalez@example.net,001-530-342-0920
petersonandrew,Glenn,Murphy,danielandrew@example.net,482.797.4436x65382
phill,Yolanda,Baxter,joseph01@example.org,(982)872-6683x928
ncastillo,Courtney,Kim,kenneth00@example.net,847-591-0109x1295
stephenli,Kelly,Ochoa,maldonadomichael@example.com,414-805-8393x0178
wrightmichael,Donald,Davis,archerjulia@example.org,368-226-5898x327
thomaswaters,Samuel,Knox,douglas75@example.net,2439557534
idavid,Julie,White,cobbnina@example.com,217.787.8674x394
donna07,David,Mills,nguyenkathy@example.net,437.786.5500x15489
diana68,Michelle,Lara,shelleycarpenter@example.org,(760)745-4503x6836
gibsonkatherine,Marissa,Thompson,andersonkimberly@example.net,5177619503
byrdbetty,Stanley,Dominguez,tanner41@example.org,(705)415-2164x939
vicki99,Carrie,Davidson,amanda47@example.org,001-914-444-7680
alexanderjennifer,Connie,Thompson,john90@example.org,+1-557-222-5729x6850
danielkyle,Ethan,Graham,crystalrichardson@example.net,+1-555-981-6439
chencody,Brandon,Martinez,david07@example.org,001-537-952-9449x439
jacquelinejimenez,Barbara,Newman,qgomez@example.org,960-582-8701
payneedward,Aaron,Ward,leonkimberly@example.net,4322822620
anthonymendoza,Mary,Strong,lolson@example.com,666-395-2765
lnewman,Erica,Williams,sjones@example.net,001-405-331-5723x07681
bross,Patricia,Cohen,idavis@example.org,+1-723-638-5130x7507
dhaas,Kyle,Martinez,nicole08@example.org,313-293-6703
harrisonjulie,Walter,Johnson,amy70@example.com,3113259182
melinda49,Michael,Neal,harperashley@example.com,535-304-9779x33235
donald97,John,Green,tanyacarpenter@example.com,001-450-834-9512x2152
katherine57,Kaitlyn,Gibson,ssimpson@example.net,876-899-2209
thomas07,Shawn,Jones,louismyers@example.com,9327648162
david33,Summer,Marshall,jonesvalerie@example.com,816-595-9085x579
jerry28,Timothy,Castillo,joshua07@example.com,001-278-755-7522x56257
thomaskatelyn,Michele,Garcia,vfox@example.net,+1-793-793-8256x88778
byrddawn,Crystal,Castro,danielledrake@example.net,(996)538-5949
qbaker,Monica,Ward,navarroashley@example.org,749-788-3494x0911
rcrane,Claire,Stevenson,eugenebanks@example.com,773-627-4296x42698
amanda84,Wendy,Shaw,efuller@example.net,912.621.2267
tylerhardy,Garrett,Rose,romanjennifer@example.org,(290)796-6841
jackroberts,Abigail,Peters,kellyalicia@example.com,297.862.6259
jasonboyle,Rachael,Sellers,sandra59@example.net,(886)931-9473x8473
jonathanrodriguez,Kelly,Adams,laurencastillo@example.org,001-871-212-9168x184
alexanderhill,John,Williams,alexander41@example.org,212-864-3540x30714
tiffanyevans,Edwin,Wright,ryanduncan@example.org,001-401-378-1564x09053
courtney64,Michelle,Newton,wendymorgan@example.net,+1-933-656-4614x42983
fullerjermaine,Kenneth,Curry,beverly20@example.org,425-657-3356x643
williamsoncalvin,Robin,Guerra,dmitchell@example.com,433.211.9058
elizabeth90,Linda,Harris,pramirez@example.net,(375)257-6875
vharrison,Tracy,Silva,williamssharon@example.com,001-928-723-1392
halltara,Andre,Flores,sliu@example.org,+1-292-728-8865
jameskaren,Joel,King,rblackburn@example.net,001-863-729-0382x663
richardsongloria,Rita,Watkins,heather49@example.com,703-533-8445x3698
lopezregina,Melvin,Bailey,fnorris@example.org,949-622-3657
allenamanda,Christopher,Erickson,longcrystal@example.net,262.802.0274x990
cameron78,Wanda,Green,michellebauer@example.org,+1-546-280-1454x274
jessicavelasquez,Evelyn,Mitchell,elizabethhouston@example.net,(417)896-3824
william91,David,Vega,olivia86@example.com,392.666.8504x3906
mwalker,Paula,Whitehead,brianjackson@example.com,812-611-8073x0493
wesley60,Christy,Scott,abailey@example.net,393.687.4134
brookemartinez,Robert,Lyons,njohnson@example.com,5518098057
xburton,Todd,Kirby,whiteheadrobert@example.net,511.935.7984
kellyhopkins,Melissa,Ochoa,unorton@example.org,001-568-398-4735x70903
zacharycarlson,Wendy,Hill,akramer@example.com,(335)985-9570
rstewart,Kim,Anderson,jamie11@example.org,(484)949-8273x670
michelle08,Steven,Wilkins,patricia89@example.org,231.911.2120x225
robertsonnatalie,Samantha,Peterson,zachary84@example.org,(674)554-9360
dsanford,Elizabeth,Dixon,xsharp@example.net,990.789.7899x443
stevenschristopher,Russell,Irwin,hosherry@example.com,246.831.0490
ericrodriguez,Kristin,James,onealmary@example.org,+1-254-895-0451x3742
karen69,Alexandra,Smith,andrea08@example.net,352-390-1063
tracy24,David,Kemp,karen03@example.net,+1-695-300-0066x81905
laura91,Joshua,Waters,amy98@example.com,273-563-4811x16687
sharonstanley,Brenda,Edwards,schwartzcolleen@example.org,609-682-1330x94576
stephanie68,Randy,Miller,nancy99@example.net,001-605-879-8211
traceycastillo,Stephanie,Norris,bparker@example.com,001-978-446-4073x264
thomas60,Christopher,Garcia,bennettkristine@example.com,+1-604-465-6429
ssmith,Richard,Pena,megan12@example.org,9346005442
lamshelley,Linda,Moon,gscott@example.net,+1-490-578-3936x0864
danielsmith,Sarah,Collins,gabrielleavila@example.com,(745)635-3793x673
xjohnson,Lawrence,Wu,alexanderreid@example.com,(945)977-1173
pchristian,Logan,Maynard,rodrigueztaylor@example.com,001-892-433-8567x5541
noah40,Christopher,Elliott,rubenedwards@example.com,+1-671-896-9849x6160
tyleramy,Michael,Schaefer,igraham@example.net,+1-846-760-7396x433
walexander,Erica,Wright,miguelberry@example.org,875-866-0607x50126
wunderwood,Janice,Hamilton,dorseykevin@example.com,+1-646-670-6045x162
justincallahan,Mark,Vaughan,mnelson@example.net,001-583-631-1618
harrisonalexander,Theresa,Hunt,aaron62@example.com,663-512-5582x068
spruitt,Sharon,Abbott,taylorhill@example.com,001-661-549-7693x75608
sschmidt,Sara,Powell,humphreyshawn@example.net,(753)952-3976
xlopez,Tammy,Valencia,reneechambers@example.com,519-235-3612
robert66,Brian,Davis,davidsonalexander@example.net,533.294.5833
llynch,Gary,Brennan,colemanbeth@example.net,001-251-774-2638x3077
jeffery73,Kenneth,Robertson,robertkennedy@example.com,562.739.1197
cameronwilson,Patrick,Hicks,timothychristensen@example.org,001-760-692-2297x9688
smiththomas,Hailey,Baldwin,debbiehernandez@example.org,8542032398
ambermurphy,Daniel,Williams,michaelhenry@example.org,2702389553
welchrose,Richard,Simmons,robert80@example.org,2793258195
tracysalinas,Dennis,Jones,yperez@example.org,980-444-6394x89953
marie74,Adam,Miles,rebeccaturner@example.com,470-664-6667
stevenreynolds,James,Ramirez,charles34@example.com,3394931271
kgarcia,Ryan,Grimes,saragarcia@example.net,+1-859-254-5520x1527
jamesgriffin,Sarah,Thompson,eanderson@example.com,5769844138
bruceyoung,Austin,Chambers,vincentkevin@example.org,379-566-1148x49492
christinewillis,Angelica,Lin,hernandezryan@example.net,526.802.1505x30768
amandaorozco,Lisa,Higgins,umueller@example.net,484-324-7608
briancox,Diana,Mitchell,michaelcarter@example.org,844.931.1582x74897
russell23,Carla,Vasquez,patriciadouglas@example.com,+1-641-248-5606
cathylarson,Kara,Richardson,griffinchristopher@example.net,299-265-2601
baileyrobert,Heather,Garcia,jonesadrienne@example.org,(711)369-9344
mlam,Kevin,Berry,arthurkennedy@example.net,001-894-826-3411x7147
jennifer29,Eric,Schmitt,allison03@example.net,980-221-2888
sean90,Rachel,Wheeler,victormoore@example.com,(277)739-7354
lauren07,Aaron,Lee,matthewbryant@example.net,+1-966-848-3021
ericrobinson,Scott,Ruiz,joannagallagher@example.net,+1-593-707-3589x227
rodriguezmelvin,Krystal,Wilson,thomasmorris@example.com,4182703539
jessica23,Justin,Jones,casey15@example.net,(596)865-1079x780
gallowaychristopher,Jesus,Navarro,bishopsonya@example.com,001-594-324-8882x4515
jeffery97,Joshua,Navarro,victoriacortez@example.org,440.537.4992x867
emily24,Timothy,Hernandez,ibutler@example.net,(735)245-7121
jill41,Phillip,Roberson,brittanyevans@example.org,942.631.2074x3659
rebeccamccoy,Jody,Collins,vmcbride@example.com,+1-880-963-0294x31762
brittanyellis,Jackie,Graves,rsmith@example.org,(887)828-0842x3681
dawn59,Kathleen,Spence,cgeorge@example.com,777.800.9990x83447
yescobar,Todd,Sharp,fsanchez@example.com,6533443545
morgandavid,Rhonda,Smith,joshua08@example.com,(645)369-2148
hansenphillip,Jason,Hicks,apowell@example.com,242-733-5838
kelly65,Rebecca,Kelley,jonesscott@example.net,(470)702-4617x0246
tbyrd,Aaron,Davis,wbrown@example.com,+1-816-784-8509x2995
ronnie17,Kevin,Wiley,robertphillips@example.net,9413338877
allenamanda,Elizabeth,Bryant,turnervalerie@example.com,760.756.8634x403
tholmes,Michael,Fox,watkinsglenn@example.com,677-346-3268
ptaylor,Ronald,Andersen,joshuaray@example.org,+1-313-570-8383
ualvarez,David,Ferguson,gregoryalexander@example.net,271.539.8355x844
shannon10,Donna,Cook,danielle50@example.com,001-429-439-2752x38909
zbrown,Stephanie,Bennett,whitemadison@example.com,+1-471-245-9548
jacqueline84,Kristin,Leon,christina91@example.org,368.463.4436x812
jonesrobin,Lisa,Mckay,vfarmer@example.org,(463)668-3538
millercatherine,Kelly,Gonzalez,alison97@example.com,555-464-8197x216
kellerbrandon,William,Morgan,csmith@example.org,4413321232
ythompson,Ryan,Wood,nicholas40@example.com,(659)572-1889x443
hansonkevin,Maria,Wright,icollins@example.net,(701)567-4422
hvasquez,Allison,Smith,shirleyboyd@example.com,8403849197
brendarussell,Nathan,King,shannon90@example.org,001-995-523-2612x142
brittneybradshaw,Joshua,Barnes,kristenanderson@example.org,(881)971-4260x3015
gonzaleslisa,Shawn,Kerr,atorres@example.net,700-567-1598x2320
mariarussell,Thomas,Casey,glendanelson@example.com,+1-295-822-5952x76816
brandonsutton,William,Price,jdunn@example.com,+1-940-584-0569
mooreeric,Travis,Arroyo,kathleen51@example.net,+1-713-383-6637x322
shirleycain,Scott,Randall,hartmanbryan@example.com,001-659-586-9720x86553
rschmidt,Robert,Alvarez,jean18@example.net,827-992-6129
alfred38,Emily,Espinoza,igomez@example.org,+1-744-313-2848x110
kristopher12,Jonathan,Ferguson,robertreed@example.net,636.697.1459
derekevans,Charles,Rivera,joseph80@example.net,443.829.7591x68634
swaters,Mark,Byrd,brandon12@example.net,616-660-8953
schneidervictoria,Crystal,Woods,carlycampbell@example.net,431.773.6483x686
nwilliams,Dalton,White,gramos@example.net,+1-776-354-7550x98550
vanessa24,David,Tanner,isabella82@example.net,498.980.4834
thomas82,Alicia,Estes,monica81@example.net,464.697.1218
justin99,Rachel,Fuller,danielhopkins@example.net,441-409-2596x216
robertshea,William,Fleming,kwalker@example.net,001-376-291-8722
jennifermarshall,Judith,Fuller,cassandravargas@example.org,361.300.2483x62679
jamiecollins,Javier,Clements,william90@example.com,+1-551-370-2909x44595
sararodriguez,Angelica,Lynch,donaldperez@example.net,847-332-4547x539
xmartin,Heather,Peters,mannkatelyn@example.org,+1-552-431-3676x14053
andrewclark,James,Barton,strujillo@example.com,+1-260-990-8521x096
blackshaun,Lori,Benson,april91@example.net,001-389-809-8737x565
nwilliams,Michael,Kelley,esparks@example.net,001-436-837-7633x3051
steven12,Nathaniel,Hunter,parksluis@example.com,001-472-982-1346x4308
ybrown,William,Long,richard66@example.org,3558460022
woodardsusan,Jonathan,Rogers,scottburton@example.org,478-412-0741
qshaw,Jeremy,Le,sharonhendricks@example.net,(973)987-3546
dickersonmonica,Nichole,Rojas,cindyjackson@example.net,349-603-4309
troyparrish,Donald,Carroll,itaylor@example.com,759-735-3242x943
milesadam,Robert,Roberts,lisayoung@example.net,454.428.1446x11823
john38,Kathryn,Nguyen,austindennis@example.com,861.972.4694x183
glee,Robert,Schmitt,shannon12@example.org,(267)936-7387x256
gary60,Michael,Davis,brian42@example.net,858.648.2810x4150
mary95,Daniel,Wood,marybrooks@example.org,(282)698-7372x3657
brianna90,Catherine,Bauer,slambert@example.net,001-588-316-4253
ashley51,Ellen,Price,awilson@example.net,+1-209-666-0244x9148
aholder,Eileen,Hayes,yanderson@example.org,203.618.1374x064
carlos36,Margaret,Peters,sheath@example.com,001-910-626-7947x8616
odavenport,David,Hunter,steven49@example.net,613-774-0327x9503
dpotter,Rhonda,Williams,diane27@example.org,711.745.6489x8542
lwilson,Julia,Davis,kmorrow@example.net,6154783915
cindyaustin,Brian,Carrillo,jeremy02@example.com,(854)562-9511
amanda73,Debbie,Montgomery,leemichael@example.com,903.469.7438
hortonsonya,Tara,Freeman,sharonrivera@example.net,873-491-4237
cmartinez,Lisa,Harmon,bcooper@example.net,001-292-507-9606
moorejay,Jordan,Park,larrywright@example.net,2805213850
jamesnichols,Heather,Ramos,lgonzalez@example.com,5729443955
jenniferlester,Cheyenne,Murphy,iarmstrong@example.net,+1-457-826-4039x71870
austinmiller,William,Cannon,kimberly49@example.com,297.666.5066
zacharybrown,Veronica,Morris,tanya45@example.org,001-822-614-9749x36196
scottcasey,Lisa,Johnson,gibsonjose@example.org,243-940-8533x4053
aguilarwilliam,Melissa,Reed,elizabethbrown@example.com,849.482.0851x707
brownnatalie,Rachel,Jenkins,tuckerchris@example.net,+1-909-224-2927x809
wfrey,Matthew,White,derekwhite@example.net,7752592775
kristenbrown,William,Brandt,james20@example.com,220.307.9671x1520
amandawoodard,Tara,Brown,durancheyenne@example.net,001-212-285-0125x490
tiffanydavis,Amy,Campbell,justincharles@example.com,4995402023
imcfarland,Mariah,Walker,emoore@example.net,833.425.9381
wrodriguez,Joshua,Rodriguez,harrisjennifer@example.com,402.837.8395x229
jodi31,Hannah,Dixon,leslie53@example.net,377.660.6043x943
micheleortega,Glenn,Lopez,vshort@example.org,4726763543
caldwellmichael,Troy,Le,jesse13@example.org,4874289632
laceydavis,Jacob,Harrington,justinchandler@example.net,(402)978-3394
ocross,David,Clark,rebecca67@example.com,+1-502-320-7166x930
sarahcole,Ian,Evans,brobinson@example.org,942.440.4904
sandymccormick,Kevin,Gomez,cameronbaker@example.com,(836)407-1223x0553
kfisher,Barbara,Mooney,csmith@example.org,576-740-9025x5042
keithspencer,Robert,Fisher,john27@example.org,001-446-993-3568x437
ronaldbennett,David,Campbell,tyler72@example.net,2539801072
amybarton,Robert,Morris,jesuswilson@example.org,001-785-305-7166x6268
xavierhoward,Brittany,Hogan,gbrown@example.org,988.633.4633
dmora,Megan,Robinson,mooreholly@example.org,+1-325-897-8126x5532
michaelmoran,Sierra,Coleman,lanegregory@example.org,7445889663
brucesimmons,Teresa,Wright,joshua47@example.net,(703)938-1616x28232
bgreen,Nathan,Robinson,jacob64@example.org,834-854-7111x584
joshua97,Larry,Russell,froy@example.com,001-662-383-5035x27460
caitlin47,Paula,Carter,georgejones@example.org,2476219926
richardgarcia,Nicole,Powers,rickdavis@example.net,6237887008
thoward,Bryce,Hobbs,veronica69@example.org,917.487.8297
ofields,Sheena,Mckinney,brendamiller@example.org,(648)824-9777x9559
jacksoncarla,Vincent,Smith,nelsondanny@example.com,(630)374-4355
rhumphrey,Jennifer,Johnson,rodney15@example.org,(831)317-7364x932
sharonowen,Wayne,Johnson,pamelajohnson@example.org,526-213-9783x8530
graynatalie,Casey,Mora,edward09@example.com,(766)978-0314x77814
jason99,Sabrina,White,jose93@example.org,(366)476-5349
jensendavid,Joseph,Smith,dixonjeffrey@example.com,407-253-8624
gsmith,Elizabeth,Stephenson,angela80@example.org,+1-464-714-3932
jennifer32,Ronald,Hopkins,pbrown@example.com,(796)381-9381
pamela23,Anthony,Anderson,julie29@example.com,6424690668
ochavez,Tabitha,Moody,eugenegarcia@example.com,+1-469-851-1783
harmonscott,Jennifer,Velazquez,simpsonphilip@example.com,814.538.9042x0068
eford,Barbara,Montgomery,francobailey@example.com,424.580.3547
matthewhess,John,Ferrell,moorelinda@example.net,944.446.7106
christopher67,Timothy,Smith,zjacobs@example.com,343-936-1247x08380
donald29,Laura,Hamilton,thomasjason@example.net,(545)466-7536
timothyfoster,Katie,Nelson,yvonnestephens@example.org,(615)880-4579
camerondan,Tiffany,Moore,christophernavarro@example.org,+1-645-411-8276x0367
larrygreen,Mary,Hart,diazbonnie@example.com,583-694-9590x14982
jennythompson,Andrea,Yates,djenkins@example.com,284.680.5130x520
amanda78,Jeffrey,Warren,chelsea91@example.com,894-676-7884
kyle45,Melissa,Washington,roberttucker@example.org,(417)889-1005x93872
manuel35,Donald,Neal,gardnerryan@example.com,681.624.3169
joshuacervantes,Tiffany,Todd,jordancourtney@example.net,001-224-760-8000
zpeterson,Jeffery,Acosta,vnguyen@example.org,935-782-5290x86184
bryanmarks,Kevin,Duncan,edwardstamara@example.org,863-510-7337x057
kathy09,Theresa,Fernandez,angelajohnson@example.com,294.784.0794x149
barbarasantiago,Elizabeth,Jones,amandasims@example.org,457.341.2416x286
zvillanueva,Victoria,Gaines,tapialorraine@example.com,738.238.8632
danathomas,Duane,Cummings,qsullivan@example.net,001-877-623-6326x53405
osborntina,Tiffany,Robles,mathewbrown@example.com,001-484-690-9923
dwatson,Kristin,Bishop,gardnerjustin@example.com,(539)844-1913
angela70,Thomas,Adkins,qsalazar@example.net,746-221-6969x756
kjohnson,Michael,Hatfield,millershawn@example.net,+1-265-850-5874
uanderson,George,Scott,mcculloughaaron@example.net,+1-856-913-2458x0867
apriloconnor,Melanie,Hill,klawson@example.net,(411)958-0990
raymond11,Kevin,Davis,ronnie50@example.com,(718)221-7393x31176
jennifermedina,Brianna,Mason,iray@example.org,210.224.4499x736
wigginswilliam,Christopher,Oconnor,martinmario@example.net,608-517-8587
jefferyware,Katie,Schwartz,caitlinwalker@example.com,001-954-400-2796
jeffery97,William,Miller,gspencer@example.org,001-270-743-8111x41289
michael93,Grace,Guzman,lhogan@example.com,9524696732
tsmith,Michael,Ruiz,balllinda@example.org,001-781-709-4996x617
hardindaniel,Eric,Jones,pnelson@example.net,(414)281-5799
salinasbradley,Andrew,Wilcox,dfox@example.com,713.794.7357
brianestrada,John,Rivas,robertparker@example.net,286-948-6520x52602
diazjose,Joshua,White,dwyatt@example.com,+1-380-767-6299x9090
perezandrew,Alyssa,Bishop,michaelcooper@example.com,(712)436-5784
karenhester,Harry,Drake,kelleyluis@example.org,2349137793
uwilliamson,Tonya,Anderson,qburke@example.com,778.887.9166
keithtaylor,Bobby,Lester,nblair@example.org,460-441-0695
jeremy56,Jorge,Wright,brownjessica@example.net,325-976-7464
theresahoffman,Jake,Parks,evelynrussell@example.org,+1-482-509-0345x0108
darryl83,Kara,Camacho,murraymark@example.com,001-991-453-4520x48494
erinmarquez,Daniel,Mitchell,reginaglass@example.com,001-313-607-9806
whuynh,James,Gonzalez,philliptran@example.net,(934)859-9938x516
cookvanessa,Beth,Mata,johnchang@example.com,702-210-5208
kgonzalez,John,Smith,jacksonshelly@example.org,566.984.4855x598
philipsmith,Sandra,Branch,nixonamanda@example.org,442.513.2817x5616
abryan,Julie,Irwin,sheltonjames@example.net,6077909901
joseph43,David,Petersen,williammartin@example.com,583-969-7765
jonesbrittany,Carla,White,vriley@example.com,800-237-5525x40135
schaeferanthony,Michael,Martinez,wagnerchad@example.org,(909)898-1718
curtis11,Bob,Rodriguez,wtucker@example.org,528-972-3274x18782
kellyderrick,Cheryl,Wu,joanweaver@example.net,+1-909-707-9729
robertsdonald,Tiffany,Barr,lesterjordan@example.com,+1-370-567-5696x5975
patriciapatterson,Jeremy,Allen,imunoz@example.org,(313)874-6762
sheltonkarl,James,Liu,richard32@example.com,348-391-5382
rrusso,Kevin,Johnson,christopherwalker@example.net,001-666-200-1023x5131
patriciamason,Jennifer,Martin,cynthia79@example.net,910.894.2573
kerrerik,Jocelyn,Underwood,carolwilliams@example.net,+1-377-414-7161x0912
macdonaldtommy,Andrea,Rice,jessica05@example.com,202-451-3615x422
ericamann,Michael,Logan,christensenmiranda@example.org,(936)579-0636x4153
nholmes,Douglas,Byrd,jonathan52@example.net,859.988.4264x798
jessicaaguirre,Ariel,Blanchard,ggonzalez@example.org,+1-903-833-9519x986
laurenmiller,Robert,Morgan,johnday@example.net,001-980-453-7121x679
elizabeth71,Robert,Stokes,ericrobinson@example.com,(311)823-0672
brittanylowe,Paula,King,scott36@example.com,001-273-222-1135
sandra42,Terry,Carroll,aedwards@example.com,867-685-8779
destinymorris,Richard,Potter,westemily@example.com,697.470.3997x65491
david13,Jennifer,Howe,rebecca93@example.org,(548)351-2127
ttanner,Jeffrey,Blackburn,ashleesmith@example.com,(228)855-4219x670
stevenlozano,Dana,Hicks,rothtravis@example.com,565-918-2919
michaeldean,Stacey,Johnson,wangcharles@example.net,(367)944-8853x1090
joseph29,Andrew,Hall,meredith63@example.org,(364)834-8998x417
christopher81,Hannah,Smith,kathleen95@example.org,7139564313
kimberly42,Gina,Warren,millershane@example.net,8696581232
kenneth45,Jason,Long,penabrittany@example.net,(871)425-3405
andre10,Jesse,Costa,imunoz@example.org,+1-253-545-4933x310
smoore,Joshua,Douglas,snowanthony@example.net,684-456-3492
faith79,Shannon,Thomas,lucassteven@example.org,327-804-3767
jacksondonald,Kelly,Stewart,johnmclaughlin@example.org,(742)541-5409x493
deborahnelson,Robin,Burnett,erin34@example.org,709.242.0601
michaeljames,Jacob,Long,jennifer01@example.org,+1-570-654-4565x57886
anthony11,Heather,Coleman,yparker@example.com,(816)205-1479x793
hjarvis,Rebecca,Lopez,harrisapril@example.net,+1-931-534-2518x22815
tylersandoval,Tracy,Santiago,jacobwright@example.net,001-700-264-2208x486
bvillarreal,Kathy,Anderson,hopkinsaaron@example.org,377-922-8239x6031
dburton,Michael,Barr,dsaunders@example.com,(931)297-5435x397
martinmichael,Nancy,Bowers,brett55@example.net,+1-301-322-9586
ryan39,Gloria,Dudley,megan96@example.org,832.241.4010x09101
sydneymueller,Adam,Taylor,rvaughan@example.com,+1-259-290-3580x58877
rachel98,Nancy,Hernandez,taylorrobert@example.org,+1-978-453-3277x5848
shannongonzalez,Cassandra,Rodriguez,sherry70@example.net,891.890.7958
brianlewis,Jason,Webb,katielewis@example.com,6204581222
melindakrause,Michelle,Rodriguez,andrademitchell@example.org,(470)820-9237
ramirezerik,Stephen,Smith,shannonmiller@example.com,(289)901-6315
andrewreid,Jessica,Gray,chavezamanda@example.com,471-730-8065x5186
cochranjames,Matthew,Moore,drodriguez@example.net,4467076298
tammy22,Maria,Fernandez,sbrooks@example.net,234.296.5181x3294
smithbrooke,Wanda,Dean,jennifer05@example.org,(958)335-1607
isabella85,Joseph,Odonnell,paulhoward@example.com,001-999-573-8593x114
hunterchristopher,Madeline,Bell,debrasmith@example.net,(690)459-8425x34142
kelsey24,Michael,Griffith,amyers@example.com,+1-586-794-4540x063
jeremymclaughlin,Kimberly,Sanders,aprilwarren@example.net,+1-954-242-1994x433
lhiggins,Teresa,Ryan,maria48@example.org,971.340.9805
apeck,Alexander,Evans,mcabrera@example.com,909-642-5367
danielle49,Brian,Harvey,khubbard@example.org,696-999-0642x362
larmstrong,Lauren,Schaefer,matthewhawkins@example.com,801.680.0070
smithchristy,Christopher,Stephens,leroy94@example.net,(857)733-1904x167
debraward,Angela,Lee,rodriguezmariah@example.com,001-989-727-8236x6459
ryan40,Alexis,Hart,cherylleonard@example.org,875-549-0099x28602
kaylaroberts,Paula,Cooper,annettethomas@example.org,302.580.5812x6732
jody52,Brandy,Knight,hatfielddebra@example.com,001-822-889-7091x785
fwilson,Adrian,Velasquez,lauren92@example.net,923.982.1186x97196
allison02,Nicole,Robertson,dakota15@example.net,525.417.6452
tkaiser,Kelly,Pierce,willie70@example.org,+1-643-346-9874x39834
nadkins,Lauren,Livingston,allenmichelle@example.com,698-976-5951
catherine98,Shane,Brown,ballen@example.org,294.206.8042x0535
nwilliams,Andrew,White,lauren47@example.net,497-346-4799
kimberly40,Brian,Ford,tanya55@example.com,+1-828-472-5299
tylermathis,Debra,Scott,thoward@example.com,+1-570-939-9398
apatterson,Rebecca,Wong,michaelellis@example.net,2209581609
elizabethlawson,Tammie,Petersen,danielpalmer@example.net,351.892.6649
lyoder,Joshua,Wilson,susanrichards@example.com,+1-950-511-5350x351
orrjohn,Brandi,Thompson,laura23@example.com,920-211-2968x683
roberthall,Sean,Bell,hooverelizabeth@example.com,686-736-9911x15590
georgedavid,Loretta,Rodriguez,martha61@example.net,+1-948-727-4690x5891
williamscaleb,William,Bright,chapmanchristopher@example.com,+1-969-948-1412x0435
zlong,Vanessa,Moore,mcdonaldtimothy@example.net,+1-414-484-9369
xbailey,Joseph,Rivera,larry21@example.com,686-338-1503x24462
wilkinsonjulie,Heather,Baker,dortega@example.com,001-545-427-1936x27015
erinsmith,Heather,Fields,copelandemily@example.net,384.220.6183x16480
lisa33,Nicholas,Phillips,njohnson@example.net,(212)688-2024
kanebrent,Danielle,Baker,pattersonandrew@example.net,325-590-8611x270
seansanford,Brittney,Brooks,robert66@example.net,(335)801-1743x1180
kayla83,Jason,Acosta,eyoung@example.com,+1-764-468-9942
istewart,Theresa,Cook,umiller@example.com,+1-702-364-3267x8750
summersjohn,Renee,Hebert,nreeves@example.com,964.447.3098
morenopatricia,Matthew,Hudson,millermonica@example.com,001-442-849-6604x23442
derrick13,Susan,Melton,michaelrobinson@example.org,+1-645-494-5834x621
xhaynes,Patrick,Christian,morrisonrobert@example.net,288-439-6576x4031
linda77,Rachel,Smith,christina04@example.com,528-751-2969x169
zfoster,Ryan,Oliver,kochdeborah@example.net,6282426008
edwin46,Edward,Powell,nicholassmith@example.com,(935)921-3726x57724
dawn72,Bradley,Hall,xmckenzie@example.org,627-705-4850x8080
davisrobin,Lisa,Campbell,anthonylamb@example.com,633-624-2017
hbeard,Mandy,Flowers,gwilliams@example.com,713.861.0104x34220
pmurray,Michael,Leonard,leah78@example.com,+1-402-980-1105x219
sarah57,Robert,Howard,derek77@example.org,+1-527-831-7703x56516
kimberly73,Daniel,Marquez,hamptonandrew@example.com,(816)935-1429x015
rebeccaferguson,Teresa,Hampton,uvelasquez@example.org,512.564.4791
sarah40,Christopher,Mcguire,millerheidi@example.com,333-806-2468
robertanderson,Nancy,Washington,ashley16@example.net,612.391.6544
qwatson,Jason,Wiley,joyce79@example.com,+1-607-730-2845x61201
housegregory,Rachel,Wilson,brendahenson@example.com,+1-645-682-7693
ismith,Christopher,Myers,thompsonrachel@example.org,2966074308
jimgriffith,Sarah,King,cruzjohn@example.net,+1-714-278-6431x2599
parkernicole,Louis,Underwood,ogross@example.org,(262)702-8928x246
jamesmorris,Matthew,Bradford,justinturner@example.com,7788016960
matthewcastro,Rachel,Delacruz,ryanconway@example.net,001-295-209-2986x5665
hunterbaker,Kenneth,Porter,martinezkarina@example.net,001-488-692-4225x92422
rachaelrobertson,Kevin,Snyder,brandoncarlson@example.com,263.614.0055x34428
frankthomas,Kyle,Curtis,lisajackson@example.org,+1-208-313-5048
ryanadams,Thomas,Evans,vazquezsusan@example.org,273.678.6362x59099
castrolatasha,Angela,Holden,jnoble@example.com,719.346.9664x37819
jillwilson,Jonathan,White,ysloan@example.org,6266687103
garciajohn,Frank,Cunningham,arnoldpamela@example.org,934.228.2401x658
jenniferbrown,Peter,Adams,wsantiago@example.org,(536)367-2509x99107
fdavis,Charles,Barber,kayla03@example.net,844-508-3106x824
carrie23,Lawrence,Mack,melissahill@example.com,(687)493-8668x557
richardhernandez,Jennifer,Ortega,zscott@example.org,3196410602
benjamin82,James,Moore,stephen74@example.com,001-863-989-4530x71364
paulmichele,Yvonne,Figueroa,mprice@example.org,586.673.5262
jeffrey46,Patricia,Garner,othornton@example.net,+1-859-493-1798x9451
stephenkerr,Brandy,Smith,hatkins@example.net,646-263-5393
simsmarissa,Charles,Montgomery,jeffery42@example.net,941-856-0114x562
brianbutler,Brian,Parks,josephadams@example.com,622.827.0655
jennifermartinez,Karen,Hess,hpotts@example.net,001-747-343-0104x424
alexsims,Larry,Sawyer,brian33@example.com,001-535-844-6000x485
adamsmary,Jacob,Morgan,rarmstrong@example.com,8018347926
asmith,Sara,Graves,mariawilliams@example.net,001-372-763-7650x910
derrickwilson,Matthew,Mueller,mrogers@example.org,(589)235-6959x27429
vincent99,Karen,Pacheco,herreraadam@example.net,(968)555-9161
robin56,Mitchell,Hall,nancy50@example.org,+1-948-965-0013x235
benderholly,Christopher,Franklin,cohengregory@example.net,+1-591-440-5857x88040
michellegray,Sherry,Allison,higginsdorothy@example.org,993-721-6622
shortnicole,James,Romero,millercindy@example.org,336.401.7763
elynch,Jennifer,Burgess,harrisadam@example.com,303.347.7367x18504
jeffreywalker,Samuel,Wilson,xandrews@example.com,+1-777-368-3362x248
aowens,Sharon,Smith,ronniecline@example.org,001-745-783-3635
scottfoster,Brittney,Bond,jerryboyd@example.com,639-279-9120x26143
qhuber,James,Diaz,markwallace@example.com,595.438.4219
fwhite,Scott,Friedman,jerrywalters@example.com,001-578-211-1781
ccantrell,David,Carroll,pflores@example.com,904.913.2654
kayla35,David,Foley,rfuentes@example.net,(424)673-1470
shernandez,Barbara,Mann,christina58@example.net,(288)426-4294x5460
qmurray,Donald,Bender,matthew79@example.com,+1-694-829-6377
nelsonrachel,Renee,Zhang,laura68@example.com,+1-417-553-9004
smithsara,Cindy,Carter,lewisjennifer@example.org,657.218.8798x587
mdurham,Fernando,Brewer,lauren55@example.com,+1-746-297-8618x51993
sierragarcia,Lisa,Frederick,qramirez@example.org,+1-915-632-2456x3749
ywilkinson,Stephanie,Tucker,danielyoung@example.net,241.843.7765x2706
cburton,Dawn,Perez,martin12@example.com,001-989-976-2658
claire33,Edward,White,ucraig@example.net,001-209-761-2212x781
courtneymiles,Stephanie,Marshall,burgessamanda@example.com,(296)866-0340
michael47,Michael,Hayden,joshua88@example.org,582.932.4661x1455
thenderson,Amber,Sanders,nathan63@example.com,+1-491-417-0119x95150
samanthacoffey,James,Briggs,nwhitney@example.org,001-453-970-3941
ihall,Amanda,Gross,stevenreed@example.com,+1-972-783-6124x09167
susan99,Donald,Collier,micheletaylor@example.org,237.995.7464x247
christinarobinson,Monica,Compton,galvanjeremy@example.net,+1-416-604-2164x25115
ritterkenneth,Cynthia,Lopez,spencerjuan@example.com,516-927-3737x32707
mbutler,Wesley,King,jamesjames@example.net,789-672-3483
arichardson,Jessica,Carr,brian01@example.org,634.448.9025
brett38,Thomas,Odom,paynepatricia@example.org,(269)760-7717x65091
amandajones,Sara,Hampton,tfischer@example.org,453-936-1295x6849
christinabishop,Adam,Johnston,pittsmary@example.net,001-814-357-8221x09954
ykim,Stephanie,Grant,gruiz@example.net,+1-919-761-1905
tara11,Robert,Wilson,eduardo40@example.org,(727)978-2683x323
martinjoseph,Frank,Hall,luke52@example.com,606.967.7277x6984
meganelliott,Samuel,Johnson,sgalloway@example.com,+1-707-708-3932x121
tonyajones,Michael,Rios,allensamantha@example.org,(507)966-6873x921
danawallace,Vicki,Wu,omorris@example.com,+1-392-516-3894x955
ichurch,Bonnie,Anderson,petersenkeith@example.org,+1-722-328-0086
ryanhicks,Matthew,Flores,yherrera@example.net,826.397.2687x7398
amycervantes,Patricia,Smith,paulburnett@example.net,380.423.3709x8279
kathryn55,Jenna,Miller,jasonking@example.org,657-464-8432
thompsonmax,Andrew,Allen,annrivera@example.org,532-434-4846
longheather,Michael,Bennett,schultzjacqueline@example.net,001-252-509-9734x6715
pmurphy,Lisa,Collins,melissa31@example.com,+1-393-260-7615
dominguezlindsey,Carl,Wilson,jennarhodes@example.org,658-651-6644
cooperrobert,Michelle,Olson,keithsmith@example.net,521-202-5708x33611
williamsjessica,Brian,Bailey,davisrhonda@example.com,612.998.7696x5390
vesparza,Samantha,Dixon,mchambers@example.org,001-308-966-7064x8989
ywilson,Andrea,Rivera,landerson@example.org,001-512-891-5895x3847
brendagonzalez,Sandra,Morris,fryjoseph@example.net,001-805-230-3696x270
robertaford,Willie,Gonzalez,jonesjason@example.net,001-446-896-8416x1858
juliebrown,Carol,Johnson,amy36@example.net,001-861-730-9801x495
lawsonmichelle,Richard,Leblanc,kimberly19@example.org,001-507-208-1570
steve94,Monica,Nunez,asimpson@example.net,001-349-746-4293x445
davistiffany,Gabriel,Nguyen,gordonjared@example.com,895.717.7417
michelle48,Roberto,Sawyer,sandysimon@example.net,+1-413-379-5370
ashley04,Karen,Robinson,cmendoza@example.net,509.494.7920
jason99,Carla,Johnson,bmiller@example.net,607.976.3405
philip30,Stephen,Brock,rachael01@example.com,001-875-761-0715x53018
estein,Taylor,Smith,michaeljones@example.net,001-916-712-9110x371
karenmoore,James,Alvarado,vtucker@example.com,(350)853-1202x926
kristen65,Julie,Wheeler,jessica18@example.org,+1-919-206-4056
piercepatricia,Ellen,Yoder,sarahestrada@example.org,271.671.6875x302
ffoster,Katie,Miles,ryan28@example.org,(763)370-9944x3970
aaron01,Megan,Roth,christinaross@example.org,(963)300-3421x41933
michael31,Adrian,Lee,moralesmary@example.net,507.667.2847
millermariah,George,Davis,shepherdstephanie@example.com,001-666-386-1198x12159
emily41,Gary,Wright,heather51@example.org,612.854.8160x6298
dparker,Juan,Garrett,scottrobert@example.org,982.490.7440
vmaldonado,David,Jacobs,alexander81@example.net,001-473-947-7078
seanblake,Martin,Skinner,staffordjill@example.net,001-579-421-3159x65704
jaclyngolden,Kimberly,Williams,allen99@example.com,(998)862-1349
wilsonmichael,Anthony,Monroe,stanleydavid@example.org,605-215-5008x434
brownwilliam,James,Wallace,margaret78@example.org,968-287-9156x52613
elizabethhardin,Gregory,Lambert,kristen36@example.net,(226)354-7911x2889
melissasanchez,Samantha,Shields,todd21@example.org,+1-841-386-6318x100
raymondsmith,Joseph,Lucas,lauriemarshall@example.com,322.220.2101x963
bkennedy,Daniel,Garrett,richard61@example.org,894.512.4720
macdonaldashley,Edward,Thompson,colebowen@example.org,762.592.3149x895
daviesmorgan,Sarah,Soto,cnelson@example.org,900-402-1502x38169
scottyoung,Heather,Williams,jared94@example.net,239.630.5778
hchang,Traci,Rodriguez,baileymichelle@example.com,001-755-398-1067
alexandra58,Lee,Robertson,lisanunez@example.org,(994)286-9000
james57,Jeffrey,Bell,swilliamson@example.net,300.856.1269x40641
ohernandez,Kenneth,Collins,courtneyrobles@example.com,(704)984-7537x10001
rrobertson,Kenneth,Cantu,anthony80@example.net,001-396-210-4509
kathleencruz,Bruce,Allen,mariahanson@example.org,+1-608-807-3244x484
heatherbaker,Anna,Johnson,brian64@example.com,001-498-420-8212x9099
christopher88,Jennifer,Parker,carriejackson@example.com,+1-798-971-0010x087
douglasjames,Michael,Gonzalez,joseph02@example.net,(480)496-2038
ctucker,Edward,Wilson,nicholascampos@example.net,001-790-508-7312x07632
migueljones,Candace,White,robin84@example.org,472.503.7637x022
tinakeller,Tracy,Ortiz,zsmith@example.net,001-435-650-5128x445
heidi47,Frank,Hill,devonbryant@example.com,399-680-1464x1398
sarahlewis,David,Nelson,david14@example.net,615-304-6650x24820
jeffrey92,Paula,Anderson,kristenflores@example.net,685.397.1886x846
brandon26,Alicia,Miller,normanrobert@example.net,4974864530
gloria25,Melissa,Jackson,sharon62@example.org,(691)379-3289x7619
carolyn01,Franklin,Gonzalez,frostteresa@example.net,756-596-4287x1775
suzannemitchell,Stephanie,Jones,omar36@example.com,947.300.6877x8883
brandy56,Colleen,Phillips,jacob72@example.com,001-464-323-6802
pamelagray,Colleen,Mcmillan,william72@example.org,776.620.3843x795
courtney87,Susan,Santos,samanthajohnston@example.net,001-366-827-8604x475
danielle61,Amber,Cantu,tamaraphelps@example.org,441.210.8424x6548
erinferrell,Emily,Hammond,cwalton@example.net,(771)532-7005x790
vevans,Kelly,Jackson,tedwards@example.com,971-522-1652x0921
mary74,Timothy,Joseph,smithjason@example.com,+1-393-438-0617x58771
nbrown,Jessica,Lewis,julia08@example.org,256.266.9465
franklinlucas,Michele,Rodriguez,kimberlycarter@example.com,729-459-8607
autumnbryant,Tina,Mora,michelleandrews@example.net,7865224198
cmcintyre,Katrina,Landry,angelataylor@example.org,001-367-624-6375x6077
heather52,Sarah,Anderson,vaughnchristopher@example.com,441.210.2447x621
brooksstephen,Sharon,Thompson,tgriffin@example.com,3315333235
christopher66,Steve,Owens,bsullivan@example.net,(341)305-9938x5947
mgates,Theresa,Santiago,cynthia13@example.com,001-910-753-2040x9617
daniel32,Alexis,Perry,nelsonmichelle@example.net,001-671-657-7560x91258
shawkatherine,Wendy,Rasmussen,cody69@example.com,+1-866-429-9894
johnsosa,Michael,Williams,michael23@example.com,516.998.0837x3648
lfletcher,Tina,Myers,geoffrey50@example.com,001-745-706-9896
hamiltoncurtis,Patricia,Cruz,claytonguerrero@example.com,+1-607-244-4152x718
edwardsadrian,Autumn,Ray,zmays@example.org,680-528-8914x09330
martin81,Alicia,Thomas,garciaamanda@example.org,(780)264-0501
tiffany52,Mary,Bell,oburke@example.org,9423764142
wjohnston,Joseph,Cruz,kristencollier@example.com,001-759-388-8356x16550
fhuber,Jacob,Adams,williamsashley@example.net,256.567.6453x6106
icunningham,Mitchell,Bates,kevin61@example.org,6432619258
ann03,Anna,Reyes,curtis55@example.net,523-419-3210
tmartin,Destiny,Martin,jeremyhunt@example.com,334-856-8549x137
vross,Luke,Lynn,lawrenceromero@example.org,(786)847-7505x3499
mbowen,Stephen,Hodge,travis45@example.org,252.730.3492x2789
matthewsrobert,William,Trujillo,xwebster@example.net,7306683134
amanda39,Adam,Watson,dana21@example.org,208.431.2448
justin57,Mathew,Carr,heidivance@example.net,2403822118
taylorhunter,Michael,Alexander,crystalgonzalez@example.net,001-494-895-8992x473
epatton,Jeffrey,Mullen,joselucero@example.net,+1-471-502-2606x258
nbaker,Phillip,Mcclain,vvilla@example.org,001-239-795-6250x1940
jbeck,Kelly,Cook,ericadavis@example.net,8484763405
floresdylan,Brooke,Mills,cartercaleb@example.com,949.605.7063
imills,Lindsay,Wallace,philliphenry@example.org,+1-593-553-2054x0782
manningjohn,John,Silva,ehardy@example.net,681.622.7996
aturner,Mary,Odonnell,michael45@example.net,001-431-668-4306
james21,Douglas,Tyler,rebeccamason@example.org,778-603-8783
matthew04,Mary,Mcdaniel,xfields@example.com,(904)400-1916
lreyes,Jeffrey,Simpson,reginasanders@example.org,(976)511-4930x2570
michael68,Pamela,Wiley,dmontoya@example.org,247-455-1525x05811
boothmichael,Christopher,Harris,matthewgoodman@example.net,670.727.4001
yolandahernandez,Kara,Walker,george02@example.org,660-658-0104
estradajerome,Donald,Lynch,sperry@example.com,001-961-398-0197x15598
xdiaz,Nicholas,Evans,mcphersonjonathan@example.org,(798)418-5175
stephanie34,Heather,Schmidt,craig81@example.com,(860)478-3278x3653
christina44,Sarah,Barnes,leah87@example.org,591.854.5356
larsonmelanie,Kimberly,Smith,davidsmith@example.org,618-624-9472
lvaldez,Andrea,Patel,rachelbriggs@example.net,3987785954
martinhernandez,Wesley,Thompson,garycummings@example.org,862-711-6416x3934
audrey39,Alexandria,Campos,tracygibbs@example.com,366.526.0163x91881
qdavis,Jacqueline,Baker,parkersharon@example.com,3758063121
smithmatthew,Candace,Williams,samanthabarron@example.net,+1-768-653-8610x048
craighall,Zachary,Walker,monica66@example.net,001-248-780-6758x07866
stewartrobert,Nicholas,Guerra,karen15@example.org,861-960-4054
timothy26,Benjamin,Carpenter,walter87@example.net,001-733-886-3358x71673
xjones,Bailey,Tucker,carterkelly@example.net,(676)945-2287x16417
robertstout,Trevor,Gonzalez,kristina98@example.com,+1-906-495-7228x5681
obriensabrina,Stephanie,Ramirez,michaelalvarez@example.org,(480)478-7597x4156
martinharper,David,Mccall,melinda33@example.net,693-288-4161
itaylor,Toni,Perry,parkerdouglas@example.com,515.901.4608x7066
elizabeth49,Ronald,Vargas,emily48@example.com,(567)675-8929
elizabeth19,Michael,Walker,jonathanjames@example.com,001-475-666-9478x9831
hallheather,Matthew,Garner,matthewsjonathan@example.com,(252)673-4373
phillip75,Mitchell,Parker,umunoz@example.org,539.286.4772
nlynn,Amanda,Howell,richard37@example.net,001-284-404-6534
tylershaw,Christine,Wyatt,milestodd@example.com,(269)354-9772
mgrant,Jennifer,Wood,michellebrowning@example.net,7959628361
shortkatelyn,Steve,Becker,whitecatherine@example.net,001-925-393-1406x61714
donna44,Timothy,Sexton,uhill@example.net,457-899-7519x7662
michael33,Jennifer,Harris,zholmes@example.org,001-738-943-7816x469
millertammy,Erica,Kemp,heatherwolf@example.com,001-892-433-3283
markcooper,Melissa,Taylor,mooreveronica@example.org,697-443-1560x1463
klyons,Timothy,Bolton,josephramirez@example.com,605.799.8258x997
gregory87,Emily,Thompson,ryan75@example.com,342.980.8567
tara03,Tiffany,Barnes,johnlong@example.org,465-786-6103x9167
blewis,Lynn,Howard,mrivera@example.org,(594)658-3742x1965
michael88,Michael,Middleton,woodrobert@example.net,(223)591-7306
toddbowman,Leah,Owens,williamsjames@example.org,001-246-553-0492
ksavage,David,Jenkins,allison17@example.net,(922)727-3295
phillipsmichael,Bernard,Moss,stephen54@example.org,395-982-6340x5847
jake08,Mark,Kelly,james61@example.com,705-755-6581x983
bpearson,Christopher,Harris,jonesjessica@example.com,(697)991-7022
rebeccataylor,Todd,Yoder,michael28@example.net,7596178750
brittanycasey,Andrea,Reese,brianfisher@example.com,(435)761-4522x846
fcox,Angela,Baldwin,hamiltonsamuel@example.net,001-859-593-8854x56917
josephthomas,Kristin,Shaw,tina27@example.com,895.886.9405x1275
deckerchris,Loretta,Holland,olivercharles@example.net,832.918.7848
mitchellroy,Tyler,Peters,keithevans@example.com,+1-893-888-3869x2775
sharonkrueger,Tina,Cochran,fcampbell@example.org,001-515-585-0903x684
ryan93,David,Barry,jade51@example.net,672.554.7731x3794
crystalwilliams,Jessica,Brown,johnsonzoe@example.net,224.979.5640x038
gary29,Julia,Matthews,nicolesimmons@example.org,+1-633-532-2463
ashley69,Carlos,Wilkins,qnixon@example.com,001-650-248-4205x2632
gmorris,Shawn,Patterson,davismichael@example.net,(788)796-3650x14699
eric55,Mark,Hill,kevinsullivan@example.org,(215)791-9829x0888
cdavis,Lisa,Thomas,lambchristina@example.net,+1-219-411-6990x34282
haysstephanie,Stephanie,Pacheco,yburton@example.net,209.676.8539x937
farmertimothy,Traci,Anderson,tjarvis@example.net,315-968-8375x74500
clarkeryan,Cody,Russell,sarahsanchez@example.org,001-369-641-1033
mirandavanessa,Nicholas,Garrison,jacosta@example.net,(377)640-6546
gprice,Joshua,Scott,davidsondavid@example.org,(779)498-2044x404
chapmanchristina,Savannah,Anderson,xwilson@example.com,873-272-5323x572
michael71,Donna,Smith,denisedurham@example.com,(892)352-6045
colinzhang,Tyrone,Johnson,sethwarren@example.net,001-339-762-6029x37673
stevengray,Terri,George,markdavis@example.com,001-228-563-8804x29185
smithnicholas,Amy,Beck,mendozalinda@example.net,001-314-933-8499x74348
wshaw,Stephen,Preston,jeffrey69@example.net,+1-510-311-0963x1061
melanielopez,Rebecca,Brown,millerjerry@example.net,983.432.6695x57607
thomasalvin,Alyssa,Moore,mwilson@example.net,831-376-5300x63930
peterlopez,Kellie,Patterson,jasmine54@example.net,+1-910-393-1801
fgross,Alec,Arnold,taylor92@example.net,6443008980
jwillis,Thomas,Gibson,johnfischer@example.net,785-231-7558x759
boylenancy,Mark,Wyatt,jessicatrujillo@example.org,5869558429
heather02,Marissa,Thompson,michelle37@example.com,+1-272-496-5343x11917
dwayne47,William,Jackson,zcameron@example.net,8367458814
bryantmisty,Tracy,Golden,palmerjames@example.net,658.528.3899x453
nwebb,Lance,Wall,william23@example.com,001-691-770-8945x58829
aaronsmith,David,Wilson,joelcastaneda@example.net,+1-521-276-5293
vbrown,Jennifer,Griffith,ilara@example.org,001-331-660-5386x7239
smithrobert,Tiffany,Cisneros,mortonlauren@example.com,488.499.0559
sean89,Allison,Barry,kblack@example.net,(867)720-5027x6433
ktucker,Deanna,Briggs,donna25@example.com,4959892663
powellvalerie,Anthony,Nelson,anthonyporter@example.net,(343)205-5290
modom,Monique,Green,dennislisa@example.net,632-203-7803x615
anthonystewart,Pamela,Kramer,williamschristine@example.net,+1-635-233-9700x60364
thurst,Scott,Lambert,evansjustin@example.com,001-440-888-1715x55153
clarkkatherine,Jason,Martinez,amber01@example.org,7173819666
fwhite,Arthur,Garcia,eharper@example.org,8582253489
keith17,Theresa,Howe,cindy01@example.org,684.568.3746x9756
michael04,Tammy,Dalton,ayersluis@example.net,(664)451-5687
roachbrian,Rebecca,Holland,stewartrenee@example.org,+1-839-321-5433x07966
blacksteve,Nicole,Taylor,lpage@example.org,+1-328-446-4223x5332
pcase,Samantha,Miller,martineztiffany@example.com,316.694.5470
ryanhill,Brittany,Taylor,eugenerogers@example.org,001-691-219-0046x59154
frederickblake,Beth,Moore,kramerdwayne@example.org,+1-377-928-9048x93276
jonescraig,Lisa,Garcia,adamcruz@example.org,+1-687-653-6525x2445
ybernard,Jennifer,Reed,wesley10@example.com,316-813-9135x388
colinsalazar,Andrew,Gonzalez,jefferystewart@example.com,+1-423-407-9098
whudson,Brittany,Jenkins,kdavis@example.org,(778)347-6057x93208
ganderson,Angela,Wilson,delgadokeith@example.com,594-617-3273
martinezsonia,Lauren,Greene,paulmiller@example.com,807.253.6815x49676
bryancochran,Jennifer,White,lopezjames@example.com,(991)767-5084x2918
pamelastanley,Jenna,Mcintyre,carlsonwanda@example.net,811.590.5578
brianna80,Henry,Ferguson,owalton@example.com,2878412019
gonzalesmary,Tyler,Harris,vhahn@example.net,+1-909-875-1154
mcdonaldrhonda,Kristina,Nixon,jennifer46@example.com,(417)897-1150x2501
benjamin53,Crystal,Castillo,morgan25@example.net,6466581995
greenjanice,Joshua,Edwards,tami09@example.org,+1-442-478-5733x189
dclark,Frank,Brown,greenjesse@example.org,938.771.1155x498
katelyn75,Rachel,Taylor,kpowers@example.org,+1-388-498-2437x40791
greencynthia,Crystal,Buchanan,kaylaschultz@example.com,933.440.6575
nguyenkenneth,Edwin,Scott,psullivan@example.net,(680)866-5213x90063
stacey01,Scott,Holloway,kennethsmith@example.net,520-369-3243x29270
stephenschristian,Sharon,Ramirez,khankendra@example.org,429-224-7113x9772
xperez,Michelle,Wright,elizabeth58@example.org,384.549.9288
smithlisa,Nancy,Brown,rvaldez@example.net,(883)285-7574
jonathan64,Brian,Diaz,wchristian@example.net,374-727-5755
patelchristopher,Zachary,Martin,wesleybutler@example.net,783.275.8532
deborah21,Joseph,Lee,sconner@example.com,+1-413-839-5240x71980
meganramos,Carolyn,Perez,kimzavala@example.org,+1-556-296-9988
guzmancody,Diana,Thomas,betty06@example.org,4078359975
gspencer,Jennifer,Oliver,bowmannathaniel@example.com,468.572.6420x332
michael21,Candace,Rich,pamela64@example.org,912.738.3657x11999
abigail08,Jason,Perez,jackieschroeder@example.org,+1-414-626-3799x13635
wademadison,Erin,Davis,alexa85@example.org,+1-791-889-0641x7507
edward13,Maria,Jackson,gjohnson@example.org,426.414.8130x2254
owells,Michael,Pope,robertgilbert@example.org,+1-461-235-3324x49124
ejenkins,Alexander,Wilson,gonzaleznicholas@example.org,001-722-837-9855x66145
melissa10,Daniel,Marquez,moyercharles@example.org,245.367.2978
cherylpark,Gabrielle,Hill,jacquelinewashington@example.com,+1-955-323-5926x9850
floydstacey,Sherry,Hodges,colonmelanie@example.org,001-876-215-8945
dariuscantrell,Gregory,Barton,stephaniemonroe@example.net,+1-428-379-9872
williamsonadam,Kim,Harper,icarpenter@example.com,6574831357
brianpeck,Stacie,Smith,melissa47@example.net,5395240816
chelsea05,George,Wilson,kristahoover@example.net,617.841.8080
natalie62,Jerry,Mitchell,dfox@example.com,532.501.6827x96887
ldavis,Samantha,Brooks,cchandler@example.org,881.594.1729
pughpaul,Nancy,Robinson,lawsonsusan@example.org,652-602-8425
banksdillon,Patrick,Arellano,estradaashley@example.net,763.394.9733x5308
rmartinez,Devon,Rhodes,katherinediaz@example.org,(469)786-7564x7071
deckerdavid,Hannah,Mcdonald,whitney78@example.com,488-333-0496x22700
ogreer,Alan,Fowler,floresjesse@example.org,001-283-860-3859x7406
jaustin,Dylan,Reed,mark79@example.net,+1-966-263-5789x130
dwillis,Ian,Sharp,kimarthur@example.net,676-970-2454x9576
kimjackson,Dustin,Gonzalez,qking@example.net,3744972979
abbottsamantha,Krista,Williams,hramirez@example.org,+1-370-630-8565x97611
haynesmegan,John,Harding,glen56@example.org,001-586-394-9592x3607
bmathews,Justin,Padilla,robert02@example.com,693-971-4970x5781
zperez,Travis,Davis,hmartinez@example.net,+1-774-398-1058
traceybass,Kimberly,Gonzalez,melissawillis@example.net,(686)553-1223
matthewking,Frank,Ortega,deannareed@example.org,(991)969-2702x666
sharpashley,Stephen,Richards,blee@example.net,646.331.9797x12263
johnstonshawn,Brian,Ortega,ianderson@example.com,883.826.5980x69550
serranogabrielle,John,Martinez,wbanks@example.com,204.708.2756x7287
dwilliams,Michael,Williams,margaret62@example.net,001-421-407-9464x967
sara75,Kevin,Martinez,iwright@example.org,001-850-633-4906x2250
ypeterson,Ashlee,Andrews,qevans@example.com,(366)373-1531x4418
tanya61,Brandon,Meyer,gmartinez@example.org,648-560-5571
cindywilliams,Miranda,Schroeder,burnettrobert@example.org,001-923-261-7187x456
adam59,Crystal,Brown,fuentesmichael@example.org,452-353-5762x4090
kristinahebert,Ann,Prince,hawkinsdonald@example.org,842-862-6856x699
kristen29,Kaitlyn,Byrd,hartjohn@example.org,841-777-7072
georgethompson,Sarah,Colon,kellyaguilar@example.net,(936)415-1399x706
stanleypalmer,Susan,Aguirre,ugarcia@example.com,789-942-6741
levicarpenter,Karen,Richards,kbailey@example.net,222.684.7116x734
diamond93,Rodney,Crane,icarlson@example.com,+1-351-282-5111x38439
gilmorejoe,Jonathon,Turner,patricklawson@example.net,+1-499-258-6029x4411
emmaromero,Jerry,Smith,matthew84@example.com,2152911399
erinlittle,Karen,Gallagher,matthewjohnson@example.org,001-360-349-0673x40281
lori33,Dave,Thomas,hallmaxwell@example.org,799-824-6660x037
cynthia26,Shirley,Peterson,jessicawall@example.org,001-846-858-8038
nicholerhodes,Stephanie,West,richardbonnie@example.org,746-995-1282x0089
lpatel,Kathleen,Martinez,davislisa@example.net,+1-587-725-3842x5105
annettebennett,Rachel,Yates,michael74@example.net,852.811.9809x0865
cardenasderrick,Abigail,Weber,hannahmorales@example.com,(779)964-8915x469
laurenblair,Alex,Ellis,carterjacob@example.net,567.865.7279
mooresteven,George,Weber,reginald65@example.org,001-456-697-4246x45864
orodriguez,Mark,Davis,eric72@example.net,409-400-5473x6336
jeremycohen,Veronica,Rodriguez,andrew03@example.net,(359)823-9143
victor59,Kevin,Williams,fernandezjohn@example.org,7038618365
martinstewart,Randy,Baker,iperez@example.com,9893397107
cathy05,Robert,Lang,brittany96@example.com,888-739-4563
xrichards,Scott,Livingston,rickydavis@example.org,(285)706-5112x4143
maryrodriguez,Melissa,Delacruz,hilljames@example.org,468.862.6674
joshua64,Cindy,Clark,tina78@example.org,665-512-5905
sanchezsarah,Sarah,Lyons,jeremybrown@example.com,(238)444-4101x600
nnolan,Robin,Gibbs,garciajohn@example.net,001-308-678-6909x68902
jonesjulie,Randall,Alvarado,turnerpeter@example.com,+1-535-535-6914
annsanders,Corey,Cole,brucecasey@example.net,(576)762-7969
gomezmichael,David,Morgan,andersonchristina@example.net,2016364163
ytorres,Theresa,Brown,csmith@example.com,+1-405-954-2858x469
qholt,Terri,Johnson,ameyer@example.com,(378)265-9873x986
leeyoung,James,Kirby,jack87@example.org,(840)406-5361x2530
david48,Joel,Hicks,melissa98@example.net,862.800.1020x7187
elizabethbrown,Mark,Burgess,phamlinda@example.com,353.814.5008x49919
ymason,Kristin,Hall,molinawilliam@example.org,566.551.4824x33346
kathythompson,Daniel,Richards,garciaamber@example.org,7216442878
brownveronica,Lisa,Stephens,nicholasmeza@example.com,+1-845-945-6658x587
samantha47,Larry,Young,sararay@example.net,2676913475
rwood,Katherine,Taylor,henry19@example.net,(847)435-0903x632
cpowell,Frank,Thompson,linda43@example.net,(335)907-6202
lauragarcia,Christopher,Diaz,martinezchristopher@example.net,001-804-946-3369x5408
williamsstephanie,Sabrina,Wilson,vchen@example.com,001-292-641-1831x79315
ohurst,Larry,Cross,macdonaldjoe@example.org,+1-794-981-9735
courtneywhite,Michael,Dean,powellmichelle@example.org,858.419.7115x5190
rebeccatorres,Seth,Moore,evansmatthew@example.org,+1-881-861-0164x0692
richard91,Dawn,Morris,andrew69@example.org,(837)856-3631
catherine58,Michael,Perez,gail17@example.net,+1-866-948-5286
kduncan,Paul,Woods,rose04@example.com,243-783-7059x3627
rodneyhardy,Caitlin,Porter,tlozano@example.com,001-697-543-4090x1431
ibecker,Ashley,Frost,owallace@example.net,001-915-885-3273
jefferyreyes,Lori,Rosario,jimmy96@example.net,001-535-906-3854x0362
ysmith,Catherine,Cooper,jamie77@example.org,(295)973-9238x1114
matthewschroeder,James,Mclaughlin,johnwalker@example.org,490-236-1466x787
megan43,Joy,Fischer,jennifer77@example.com,001-653-518-0625x20818
ejones,Johnny,Mcdonald,mmiller@example.com,200.925.2240x3562
danielle58,Michael,Jones,ericjenkins@example.net,9989157568
johnsonbilly,Logan,Schroeder,sabrinaturner@example.com,(860)551-8288x535
veronicasheppard,Jared,Mcgee,patrickwhite@example.org,+1-430-588-9612x57216
kimberly45,Raymond,Ward,tanderson@example.org,995.769.4191x71387
michaelphillips,Robert,Wilkinson,shanewong@example.org,685.545.2241
hsmith,Denise,Roberts,deangerald@example.com,+1-456-592-7091x87140
alicia75,Kathy,Acevedo,ashleyrodriguez@example.com,001-350-405-5217x21881
rachelturner,Veronica,Wilson,brittanyhenson@example.com,5159513115
wsanchez,James,Hayes,kmarshall@example.org,230.790.3293
ldavidson,Denise,Saunders,ronnieaustin@example.net,+1-369-924-2662x531
millererika,Curtis,Wright,bowenwilliam@example.org,001-240-406-6021x5338
amberjones,Selena,Walker,fsmith@example.com,001-244-583-9992
harrislarry,Kristina,Miller,cheryl15@example.org,438-667-9785x602
misty38,Megan,Nelson,deleonmarcus@example.org,(288)242-8362
lewislisa,Karen,Wise,anna75@example.com,834.343.4930x174
waltersamanda,Christopher,Lewis,laurahenry@example.org,+1-342-271-2830x0923
mollyturner,Linda,Mahoney,ujohnson@example.org,+1-647-365-7879
brittanykent,Michael,Dudley,kelseyreyes@example.com,001-418-578-3737x4717
sherri05,Ronald,Hawkins,ljones@example.org,671.652.1051
thompsondonna,Ryan,Johnson,wbeck@example.org,878.432.6943x5370
abaldwin,Tina,Case,dean80@example.com,8697735095
zmullen,Robert,Sanchez,amy41@example.org,281-656-1059x747
andrew90,Randy,Smith,mjoseph@example.org,001-408-815-7015
kiddmaria,Charlene,Mora,brockstacey@example.net,(781)323-7654
andrewjohnston,Susan,Randolph,william15@example.com,727.731.8452
simonjustin,Teresa,Pham,colleen11@example.net,8993149726
cynthiamorris,Jennifer,Nelson,kwright@example.com,(299)775-2285
kennedycameron,Christopher,Huynh,lindahall@example.com,618.232.3800x3505
jacobknight,Vanessa,Ashley,joel73@example.com,+1-777-906-8185x5353
bradyalexander,Lori,Smith,brittany17@example.org,387-483-3458x0241
corysmith,Joanna,Thompson,hlloyd@example.net,5863108378
jennifer53,Glen,Baker,mcantu@example.net,672-202-9919x16054
ppope,Anthony,Chavez,erichorton@example.org,+1-867-553-1116x0775
rperry,Russell,Tucker,justinschmitt@example.net,257.672.2155
nicholasharmon,Jessica,Herrera,ralph85@example.net,653-559-1052
bakerjames,Kimberly,Boyd,csantana@example.org,2444953343
holtcathy,Mary,Knapp,ritataylor@example.com,554-465-0671x249
benjamin23,Jason,Brown,sandovaljaime@example.org,541.455.1698x376
mchristensen,Alexandria,Rivera,ashleybell@example.net,968-890-2573x333
powellrachel,Trevor,Davis,vwilliams@example.com,500-326-6929
marshallluis,Sabrina,Roberson,lindsayesparza@example.org,542.383.4386x95153
evan12,John,Martinez,tonygonzales@example.net,671.796.2935
ramirezjacqueline,Evelyn,Lozano,jennifer05@example.org,856.266.1178
mhuerta,Justin,Warren,david34@example.com,001-852-852-4644x5465
woodsjennifer,Stacy,Holloway,ywilliams@example.net,733.732.5252x6786
jessica27,Robert,Rose,jeremyalexander@example.net,001-691-753-9937x824
fpetersen,Victoria,Stuart,williamsandrea@example.net,+1-459-264-9842x47463
andrea24,Joseph,Lowery,robinsonerin@example.org,380.857.5786x39621
sandra85,Scott,Taylor,alexgardner@example.org,001-223-936-0416x69932
jessica71,Anthony,Smith,julia79@example.org,+1-940-624-3102
cclark,Maurice,Williams,myersashley@example.net,(620)757-2902
ashlee43,Linda,Austin,nicholasstephens@example.net,+1-497-522-3031x56862
jgross,Sharon,Rodriguez,tylerrodriguez@example.net,5925222003
owensashley,Jamie,Young,nstafford@example.com,658.729.7042x132
joseph76,Edward,Bass,jbaker@example.com,827.222.2407
teresali,Jose,Williams,michaelhughes@example.com,608.358.8134x3586
dylan77,Jennifer,Garcia,leah22@example.org,(885)674-2359
smithmarvin,Brendan,Baker,wayne72@example.org,001-210-845-0259x393
garciatimothy,Michael,Hall,acowan@example.net,+1-825-828-0506
kenneth21,Emily,Gregory,gmendez@example.net,(983)849-5442x843
ogordon,Victor,Boyd,bill55@example.net,818-739-8393x091
millersierra,Patricia,Baker,mgonzales@example.com,(644)488-6539x74787
nathan07,Leroy,Lopez,sandrarice@example.com,(855)820-8571x5861
ethomas,Samuel,Hale,louisjames@example.net,235.667.9178x446
karlaperry,John,Kelly,patrickchristopher@example.com,263.329.9563x047
sullivanhoward,Benjamin,Martin,lee77@example.net,(843)919-6051x990
jennifergarrison,Kelly,Thomas,erin44@example.org,334.755.2415x746
hermanaustin,Andrea,Thornton,harrisjason@example.net,001-290-408-1638x5964
christina93,Timothy,Bentley,leeryan@example.net,001-749-623-8240x22402
alexanderanthony,William,Williams,jacksonshelly@example.net,+1-909-284-7220x21111
ramossydney,Jamie,Perry,andrew81@example.net,001-201-278-5932x85178
michaellane,David,Hall,zthompson@example.net,945-822-0121x841
nicolewilson,Sherry,Barron,crystalforbes@example.net,718.428.1477x08889
cynthiamitchell,Samuel,Ryan,martinrachel@example.net,516.398.7017
ywebster,Melanie,Cunningham,rachel83@example.org,001-888-795-7148
hollyreynolds,Anna,Wilkinson,ryan67@example.com,865-837-1971
nicolejones,Jeremy,Harrell,knightrebecca@example.com,+1-906-818-5737x3674
hquinn,Linda,Anderson,patrick58@example.org,+1-863-777-5142
qlopez,Judy,Hunt,kenneth17@example.org,484-542-6226
kevin05,Adam,Chang,christopher12@example.com,824.845.6477x556
wilsondavid,Sherry,Davis,vsanders@example.net,626-876-6367x2748
hholland,Jeremy,Gutierrez,howardjohn@example.com,949-327-1003x0945
gyoung,Philip,Lee,speterson@example.com,+1-515-356-1309x77963
ygardner,Dustin,Hansen,wintersraymond@example.net,856.598.4159
hawkinseric,Kelsey,Williams,hooperlaura@example.com,(218)532-9846
melissa15,Bryan,Irwin,hortoncalvin@example.com,490.356.0831
daniel03,Donna,Duarte,cassie72@example.net,807-893-4482
nicholasparks,Richard,Jacobs,zhopkins@example.net,(940)890-4163x2787
qbell,Tiffany,Moore,cassidykirby@example.net,725-582-4151x8244
ronaldtaylor,Jean,Little,cmurphy@example.com,001-799-869-0306
johnwilliams,Albert,Blair,zscott@example.org,001-912-803-3523x991
xberry,Dustin,Hunt,vmunoz@example.com,001-822-608-4954x277
scottrobert,Natalie,Hanson,sanchezhaley@example.com,001-662-557-6723x160
phayes,Carlos,Mcdonald,luishill@example.com,+1-796-968-8379x1586
brady64,Andrea,Villarreal,oliviagreen@example.net,758-401-6402
susan58,Richard,Houston,brookevance@example.org,546-243-3731
williammcdonald,Jessica,Brown,stefaniesanchez@example.org,(905)793-9840
michaelzavala,Alexander,Li,jessica61@example.org,392.580.5667x137
kellyhoward,Susan,Newton,amandaclayton@example.com,890.767.5567x1357
richardfoster,Gloria,Martin,hannah98@example.com,001-806-784-9046x931
cookjackson,Danny,Li,colemandaniel@example.com,596-486-1753
carolynbennett,Katie,Chen,williamsdana@example.org,400.507.3239
carolinelandry,Jeremy,Nguyen,schwartzalyssa@example.com,974-550-9166
shepherdstephen,Jacqueline,Morris,hernandezhayley@example.org,+1-413-606-5625x7978
connie46,Crystal,Bauer,bushdarlene@example.org,001-862-545-2333x86271
blawrence,Willie,Smith,lindalove@example.net,7183686926
michaelcox,Marc,Chung,wlewis@example.org,(516)501-2897
dwarner,Steven,Singh,baileyjill@example.org,916.694.5289x509
pwalter,Priscilla,Smith,michael28@example.org,(218)690-7670x67706
jonesrobert,Ryan,Cooper,cford@example.com,711-764-3764x9893
bethtownsend,Emily,Franklin,bethmedina@example.org,(866)723-3540
austin67,Aaron,Williams,lisafrey@example.net,+1-779-481-5014
rjenkins,Cheryl,Patterson,whitecraig@example.org,001-702-603-8540x571
phillip53,Elizabeth,Davis,bakerjeanette@example.com,2567332290
jason48,Anthony,Smith,jamesweaver@example.net,595-875-0363
